BEGIN;

TRUNCATE
  articles,
  gigs,
  users,
  comments;

INSERT INTO users (user_id, user_name, full_name, email, password)
VALUES
  ('955f6c01-a9f6-44bb-a7fd-75d1933f922e', 'user1', 'User One', 'userone@test.com', '$2a$12$YO.9oRT5vD76vu3aiygPm.NZm88anyulFqvSlVQWwk2Zye1lDQGxi'),
  ('8c8383c4-dba7-401e-ab71-b5889354b8ef', 'user2', 'User Two', 'usertwo@test.com', '$2a$12$YO.9oRT5vD76vu3aiygPm.NZm88anyulFqvSlVQWwk2Zye1lDQGxi'),
  ('acb04dd9-425d-465e-b802-fee33ebe3459', 'user3', 'User Three', 'userthree@test.com', '$2a$12$YO.9oRT5vD76vu3aiygPm.NZm88anyulFqvSlVQWwk2Zye1lDQGxi'),
  ('a8b1dba0-a39b-4f06-914e-c5fcd3ddc132', 'user4', 'User Four', 'userfour@test.com', '$2a$12$YO.9oRT5vD76vu3aiygPm.NZm88anyulFqvSlVQWwk2Zye1lDQGxi');

INSERT INTO articles (article_id, title, content, user_id)
VALUES
  ('a3e47496-5f5d-4ecd-9d0b-222c464199ba',
   'Article 1',
   'Lorem ipsum dolor sit amet, consectetur adipiscing elit, sed do eiusmod tempor incididunt ut labore et dolore magna aliqua. Quis ipsum suspendisse ultrices gravida dictum fusce. Felis bibendum ut tristique et egestas. Amet venenatis urna cursus eget nunc. Massa vitae tortor condimentum lacinia quis vel eros donec ac. Neque volutpat ac tincidunt vitae semper quis lectus nulla at. Nibh nisl condimentum id venenatis a condimentum vitae. Morbi tincidunt ornare massa eget. Est ultricies integer quis auctor elit sed vulputate mi sit. Lectus magna fringilla urna porttitor rhoncus dolor purus non enim. Tellus integer feugiat scelerisque varius morbi. Nunc non blandit massa enim nec dui nunc mattis. Adipiscing at in tellus integer feugiat scelerisque varius morbi enim. Ultrices in iaculis nunc sed. Sed vulputate mi sit amet mauris. Faucibus a pellentesque sit amet porttitor eget dolor morbi. Eget magna fermentum iaculis eu. Enim eu turpis egestas pretium aenean pharetra magna.

At augue eget arcu dictum varius. Quis vel eros donec ac odio tempor orci dapibus ultrices. Malesuada fames ac turpis egestas sed tempus urna et pharetra. Arcu dui vivamus arcu felis bibendum ut tristique et. Amet risus nullam eget felis eget nunc lobortis. Eu facilisis sed odio morbi. Ipsum faucibus vitae aliquet nec. Neque ornare aenean euismod elementum nisi quis eleifend. Vestibulum sed arcu non odio euismod lacinia. Lacus sed turpis tincidunt id aliquet.

Arcu cursus vitae congue mauris rhoncus. Pulvinar neque laoreet suspendisse interdum consectetur libero id faucibus. Risus ultricies tristique nulla aliquet enim tortor. Sollicitudin tempor id eu nisl nunc mi ipsum. Enim nunc faucibus a pellentesque sit. Laoreet sit amet cursus sit amet dictum sit amet justo. Ac felis donec et odio pellentesque diam volutpat commodo. Lacus sed turpis tincidunt id aliquet risus feugiat. Etiam erat velit scelerisque in dictum non consectetur a erat. Suscipit tellus mauris a diam maecenas sed enim ut sem.

Volutpat consequat mauris nunc congue. Vestibulum mattis ullamcorper velit sed ullamcorper morbi tincidunt ornare. Eget nunc scelerisque viverra mauris in aliquam. Rutrum tellus pellentesque eu tincidunt. Egestas egestas fringilla phasellus faucibus scelerisque eleifend donec pretium. Quam vulputate dignissim suspendisse in est ante. Mauris a diam maecenas sed enim ut sem viverra aliquet. Diam donec adipiscing tristique risus nec feugiat in fermentum. Sed egestas egestas fringilla phasellus faucibus scelerisque eleifend donec. Amet purus gravida quis blandit turpis. Mattis nunc sed blandit libero volutpat sed cras ornare.

Phasellus vestibulum lorem sed risus ultricies tristique nulla. Tortor at risus viverra adipiscing at in. Auctor elit sed vulputate mi sit amet mauris. Consectetur a erat nam at lectus urna duis. Vitae turpis massa sed elementum tempus egestas sed sed. Urna id volutpat lacus laoreet non. Eget egestas purus viverra accumsan. Vitae suscipit tellus mauris a diam. Porttitor rhoncus dolor purus non enim praesent. Turpis egestas pretium aenean pharetra magna ac placerat vestibulum. Morbi tincidunt augue interdum velit euismod in pellentesque. Dolor sit amet consectetur adipiscing elit duis tristique. Phasellus faucibus scelerisque eleifend donec. Pulvinar etiam non quam lacus suspendisse. Diam sit amet nisl suscipit. Etiam erat velit scelerisque in dictum non consectetur a erat. Malesuada fames ac turpis egestas maecenas pharetra convallis. Arcu cursus vitae congue mauris rhoncus.',
   '955f6c01-a9f6-44bb-a7fd-75d1933f922e'),
  ('8216a9bf-c45c-4ac7-9ff4-7c8c9e82cece',
   'Article 2',
   'A condimentum vitae sapien pellentesque habitant morbi. Lectus arcu bibendum at varius vel pharetra. Ipsum faucibus vitae aliquet nec. Erat imperdiet sed euismod nisi porta lorem mollis aliquam ut. Sit amet massa vitae tortor condimentum. Posuere morbi leo urna molestie at elementum eu facilisis sed. Tempor orci dapibus ultrices in iaculis nunc sed augue lacus. Tristique nulla aliquet enim tortor at auctor urna nunc. Risus sed vulputate odio ut enim blandit volutpat maecenas. Diam quis enim lobortis scelerisque. Varius vel pharetra vel turpis nunc eget lorem dolor. Praesent semper feugiat nibh sed. Tristique risus nec feugiat in fermentum posuere. Auctor elit sed vulputate mi sit amet. Cras ornare arcu dui vivamus arcu. Egestas purus viverra accumsan in nisl nisi scelerisque eu ultrices. Senectus et netus et malesuada fames ac turpis. Feugiat in fermentum posuere urna nec.

Rhoncus aenean vel elit scelerisque mauris pellentesque pulvinar. Amet nulla facilisi morbi tempus iaculis urna. In cursus turpis massa tincidunt dui ut ornare lectus. Ac tincidunt vitae semper quis lectus nulla. Mi tempus imperdiet nulla malesuada. Pretium aenean pharetra magna ac placerat. Magna eget est lorem ipsum dolor. Curabitur vitae nunc sed velit dignissim. Nisl nunc mi ipsum faucibus. Ornare arcu dui vivamus arcu. Dui accumsan sit amet nulla facilisi morbi tempus iaculis urna. Venenatis urna cursus eget nunc.

Ac felis donec et odio pellentesque diam volutpat. Feugiat in fermentum posuere urna nec tincidunt praesent. Enim nec dui nunc mattis enim ut. Integer eget aliquet nibh praesent. Pharetra pharetra massa massa ultricies mi quis hendrerit dolor magna. Leo vel orci porta non pulvinar. Et malesuada fames ac turpis. Maecenas volutpat blandit aliquam etiam erat velit. At lectus urna duis convallis convallis tellus id. Egestas dui id ornare arcu odio ut sem. Habitasse platea dictumst vestibulum rhoncus est pellentesque elit ullamcorper dignissim.

Velit sed ullamcorper morbi tincidunt ornare massa eget egestas purus. Mattis ullamcorper velit sed ullamcorper morbi tincidunt ornare. Vel pretium lectus quam id leo in. Elementum nibh tellus molestie nunc non blandit massa. Diam vel quam elementum pulvinar etiam. Eu turpis egestas pretium aenean pharetra. Libero nunc consequat interdum varius sit amet mattis vulputate. Tempor commodo ullamcorper a lacus vestibulum sed arcu non odio. Nulla aliquet enim tortor at auctor urna. Diam maecenas sed enim ut sem viverra aliquet eget sit. Amet massa vitae tortor condimentum lacinia quis vel eros. Cursus in hac habitasse platea dictumst quisque. Neque convallis a cras semper. Felis imperdiet proin fermentum leo vel orci porta non pulvinar. Lectus arcu bibendum at varius vel pharetra vel. Quis vel eros donec ac odio tempor orci. Tellus molestie nunc non blandit massa enim nec. Pellentesque sit amet porttitor eget dolor morbi non.',
   '8c8383c4-dba7-401e-ab71-b5889354b8ef'),
  ('4cd62db9-63b9-42f1-b6ba-c7bbbd4c9451',
   'Article 3',
   'Donec ac odio tempor orci dapibus ultrices. At risus viverra adipiscing at in. Vitae turpis massa sed elementum. Ultricies leo integer malesuada nunc vel risus. Consequat semper viverra nam libero justo laoreet sit amet. Justo nec ultrices dui sapien eget mi proin sed. In arcu cursus euismod quis viverra nibh. Nisl nisi scelerisque eu ultrices vitae auctor. Arcu felis bibendum ut tristique et egestas. Neque egestas congue quisque egestas. Vestibulum sed arcu non odio euismod lacinia. Eget nunc lobortis mattis aliquam faucibus purus in massa.

Nunc sed augue lacus viverra vitae congue. Sodales ut etiam sit amet nisl purus. Vitae congue eu consequat ac felis. Diam maecenas sed enim ut. Lorem sed risus ultricies tristique nulla. Fermentum odio eu feugiat pretium nibh ipsum consequat. Quisque sagittis purus sit amet volutpat consequat mauris nunc congue. Velit dignissim sodales ut eu sem integer vitae justo eget. Duis ut diam quam nulla. Dui vivamus arcu felis bibendum ut tristique et egestas quis. Ut sem nulla pharetra diam sit amet nisl.

Mattis vulputate enim nulla aliquet porttitor lacus. In hac habitasse platea dictumst quisque sagittis. Purus non enim praesent elementum facilisis. Velit aliquet sagittis id consectetur. Viverra justo nec ultrices dui sapien eget. Libero enim sed faucibus turpis in eu mi bibendum neque. Tristique et egestas quis ipsum suspendisse ultrices. Morbi quis commodo odio aenean sed adipiscing diam. Sed sed risus pretium quam. Enim praesent elementum facilisis leo vel fringilla est. Morbi tincidunt ornare massa eget egestas purus viverra. Ipsum consequat nisl vel pretium lectus quam. Cursus mattis molestie a iaculis at erat pellentesque adipiscing commodo. Pulvinar pellentesque habitant morbi tristique senectus et. Purus gravida quis blandit turpis cursus in. Nullam ac tortor vitae purus faucibus ornare suspendisse sed nisi. Metus aliquam eleifend mi in nulla posuere sollicitudin aliquam. Molestie a iaculis at erat pellentesque adipiscing commodo. Sagittis nisl rhoncus mattis rhoncus. Semper auctor neque vitae tempus quam pellentesque nec.

Pretium quam vulputate dignissim suspendisse in est ante. Nec ultrices dui sapien eget mi. Elit ut aliquam purus sit amet luctus venenatis lectus magna. Nunc faucibus a pellentesque sit amet. Lorem dolor sed viverra ipsum nunc aliquet bibendum enim. Duis convallis convallis tellus id interdum. Diam sit amet nisl suscipit adipiscing bibendum est ultricies. Sit amet consectetur adipiscing elit pellentesque habitant. Sed arcu non odio euismod lacinia at quis risus sed. A diam sollicitudin tempor id eu nisl nunc. Sit amet porttitor eget dolor morbi. Aliquam ultrices sagittis orci a scelerisque purus semper eget duis. Gravida rutrum quisque non tellus orci. Ac tincidunt vitae semper quis lectus nulla at volutpat diam. A arcu cursus vitae congue mauris rhoncus aenean vel elit. Elementum integer enim neque volutpat ac tincidunt vitae. Eu non diam phasellus vestibulum lorem sed risus ultricies tristique. Ut diam quam nulla porttitor. Nisl rhoncus mattis rhoncus urna neque viverra. Egestas sed tempus urna et pharetra pharetra massa.

Sagittis nisl rhoncus mattis rhoncus urna neque. Felis imperdiet proin fermentum leo vel orci porta non pulvinar. Ac auctor augue mauris augue neque gravida in fermentum. Non pulvinar neque laoreet suspendisse interdum consectetur libero. Fermentum odio eu feugiat pretium. At erat pellentesque adipiscing commodo elit at imperdiet dui accumsan. Sed euismod nisi porta lorem mollis aliquam ut porttitor leo. Et egestas quis ipsum suspendisse ultrices gravida dictum fusce ut. Nunc consequat interdum varius sit amet. Nisl nunc mi ipsum faucibus vitae. Posuere sollicitudin aliquam ultrices sagittis orci a scelerisque purus semper. Ut diam quam nulla porttitor massa id. Venenatis urna cursus eget nunc. Malesuada fames ac turpis egestas. Varius morbi enim nunc faucibus a pellentesque. Proin fermentum leo vel orci porta non pulvinar. Feugiat sed lectus vestibulum mattis ullamcorper velit sed ullamcorper morbi. Arcu felis bibendum ut tristique.

Sed odio morbi quis commodo odio. Dolor sit amet consectetur adipiscing. In ornare quam viverra orci sagittis. Libero nunc consequat interdum varius sit amet mattis vulputate. Pellentesque elit ullamcorper dignissim cras tincidunt. Viverra maecenas accumsan lacus vel facilisis volutpat est. In arcu cursus euismod quis viverra. Convallis aenean et tortor at risus viverra adipiscing. In hac habitasse platea dictumst vestibulum. Vel facilisis volutpat est velit egestas. Fermentum et sollicitudin ac orci phasellus egestas. Ullamcorper sit amet risus nullam eget felis. Volutpat blandit aliquam etiam erat velit.',
   'acb04dd9-425d-465e-b802-fee33ebe3459'),
  ('2ab0c059-4f84-4dc4-85d9-4d0ca037200f',
   'Article 4',
   'Rutrum tellus pellentesque eu tincidunt tortor aliquam nulla. Amet commodo nulla facilisi nullam vehicula ipsum a. Odio euismod lacinia at quis risus sed vulputate odio. Nunc eget lorem dolor sed viverra ipsum. Sit amet consectetur adipiscing elit ut aliquam purus. Vitae tempus quam pellentesque nec nam aliquam sem et. Elementum tempus egestas sed sed risus pretium quam vulputate. Pulvinar mattis nunc sed blandit. Mattis nunc sed blandit libero. Aliquam vestibulum morbi blandit cursus risus at ultrices mi tempus. Ultrices sagittis orci a scelerisque. Aliquam vestibulum morbi blandit cursus risus.

Morbi non arcu risus quis varius quam quisque id diam. In nulla posuere sollicitudin aliquam ultrices sagittis. Eu turpis egestas pretium aenean. Commodo nulla facilisi nullam vehicula ipsum a arcu cursus vitae. Vitae aliquet nec ullamcorper sit amet risus nullam eget. In aliquam sem fringilla ut. Diam sollicitudin tempor id eu. Faucibus purus in massa tempor nec feugiat. Habitant morbi tristique senectus et netus. Aliquam id diam maecenas ultricies mi eget mauris pharetra. Quis varius quam quisque id diam vel quam elementum pulvinar. Mattis rhoncus urna neque viverra justo. Metus vulputate eu scelerisque felis imperdiet proin fermentum leo. At in tellus integer feugiat scelerisque varius morbi. Sit amet risus nullam eget felis eget nunc lobortis mattis. Amet dictum sit amet justo. Proin sagittis nisl rhoncus mattis rhoncus urna neque. Nunc eget lorem dolor sed viverra ipsum nunc aliquet.

Adipiscing tristique risus nec feugiat in fermentum. Non diam phasellus vestibulum lorem sed risus ultricies tristique nulla. Eu sem integer vitae justo eget magna fermentum. Quisque id diam vel quam elementum pulvinar etiam non quam. Aliquet lectus proin nibh nisl condimentum id venenatis. Proin libero nunc consequat interdum varius. Quis ipsum suspendisse ultrices gravida dictum fusce ut. Pulvinar pellentesque habitant morbi tristique. Senectus et netus et malesuada fames ac turpis egestas. Nullam eget felis eget nunc lobortis mattis aliquam faucibus purus. Elementum pulvinar etiam non quam lacus suspendisse faucibus interdum. Vitae suscipit tellus mauris a diam. Pharetra magna ac placerat vestibulum lectus mauris ultrices eros. Eget nullam non nisi est sit amet facilisis magna etiam. Quam id leo in vitae. Blandit aliquam etiam erat velit scelerisque in dictum non consectetur. Pellentesque nec nam aliquam sem.

Elementum sagittis vitae et leo duis ut diam quam nulla. Aenean sed adipiscing diam donec adipiscing tristique risus nec feugiat. Semper quis lectus nulla at. Aenean sed adipiscing diam donec. Diam ut venenatis tellus in metus vulputate eu. Leo integer malesuada nunc vel risus commodo viverra maecenas accumsan. Ultricies mi quis hendrerit dolor magna eget est lorem ipsum. Volutpat maecenas volutpat blandit aliquam etiam erat velit. Facilisis gravida neque convallis a cras. Ullamcorper velit sed ullamcorper morbi tincidunt ornare.

Cras ornare arcu dui vivamus arcu felis bibendum. Eget aliquet nibh praesent tristique. Et egestas quis ipsum suspendisse ultrices gravida dictum fusce. Phasellus egestas tellus rutrum tellus. Suspendisse ultrices gravida dictum fusce ut placerat orci. Proin fermentum leo vel orci porta non pulvinar. Donec massa sapien faucibus et molestie ac. Congue nisi vitae suscipit tellus mauris a diam maecenas sed. Dui accumsan sit amet nulla facilisi morbi tempus iaculis urna. Proin sagittis nisl rhoncus mattis rhoncus urna neque viverra justo.',
   'a8b1dba0-a39b-4f06-914e-c5fcd3ddc132');

INSERT INTO gigs (gig_title, description, location, price, gig_date)
VALUES
  ('Event 1', 'This is a placeholder event.', 'feldmans deli salt lake', 0, '2020-01-01T00:00:01Z'),
  ('Event 2', 'This is a placeholder event.', 'mestizo coffee salt lake', 0, '2020-01-01T00:00:01Z'),
  ('Event 3', 'This is a placeholder event.', 'zion national park', 0, '2020-01-01T00:00:01Z');

INSERT INTO comments (text, user_id, article_id)
VALUES
  ('This is a placeholder comment.', '955f6c01-a9f6-44bb-a7fd-75d1933f922e', 'a3e47496-5f5d-4ecd-9d0b-222c464199ba'),
  ('This is a placeholder comment.', '955f6c01-a9f6-44bb-a7fd-75d1933f922e', '8216a9bf-c45c-4ac7-9ff4-7c8c9e82cece'),
  ('This is a placeholder comment.', '955f6c01-a9f6-44bb-a7fd-75d1933f922e', '2ab0c059-4f84-4dc4-85d9-4d0ca037200f'),
  ('This is a placeholder comment.', '8c8383c4-dba7-401e-ab71-b5889354b8ef', '4cd62db9-63b9-42f1-b6ba-c7bbbd4c9451'),
  ('This is a placeholder comment.', '8c8383c4-dba7-401e-ab71-b5889354b8ef', 'a3e47496-5f5d-4ecd-9d0b-222c464199ba'),
  ('This is a placeholder comment.', 'acb04dd9-425d-465e-b802-fee33ebe3459', '8216a9bf-c45c-4ac7-9ff4-7c8c9e82cece'),
  ('This is a placeholder comment.', 'acb04dd9-425d-465e-b802-fee33ebe3459', 'a3e47496-5f5d-4ecd-9d0b-222c464199ba'),
  ('This is a placeholder comment.', 'a8b1dba0-a39b-4f06-914e-c5fcd3ddc132', '4cd62db9-63b9-42f1-b6ba-c7bbbd4c9451'),
  ('This is a placeholder comment.', 'a8b1dba0-a39b-4f06-914e-c5fcd3ddc132', '2ab0c059-4f84-4dc4-85d9-4d0ca037200f'),
  ('This is a placeholder comment.', 'a8b1dba0-a39b-4f06-914e-c5fcd3ddc132', '8216a9bf-c45c-4ac7-9ff4-7c8c9e82cece');

COMMIT;